site;plot;Aeodes orbitosa;Amphiroa ephedraea;Argobuccinum pustulosum;Arthrocardia filicula;Aulacomya ater;Aulactina reynaudi;Bifurcariopsis capensis;Botryocarpa prolifera;Botryoglossum binderianum;Botryoglossum platycarpum;Burnupena cincta;Burnupena papyracea;Calliblepharis fimbriata;Carpoblephanis flaccida;Ceramium capense;Ceranium arenarium;Champia compressa;Cheilosporum sagittatum;Cladophora capensis;Cladophora flagelliformis;Codium stephensiae;Comanthus wahlbergi;Compound ascidian;Corallina officinalis;Crepidula porcellana;Cymbula compressa;Cymbula mimiata;Epymenia obtusa;Gelidium abbottiorum;Gelidium capense;Gigartina bracteata;Hymenena venosa;Jania adhaerens;Jania verrucosa;Kallymenia argardhii;Margaretta levinsceni;Menipea cripsa;Neuroglossum binderianum;Notomegabalanus algicola;Oxystele sinensis;Pachymenia carnosa;Pachymenia cornea;Patiriella dyscrita;Platyclinia sp.;Pleurobranchaea bubala;Plocamium beckeri;Plocamium corallorhiza;Plocamium rigidum;Plocamium surhii;Polychaeta;Polyopes constrictus;Portieria hornemanni;Pterosiphonia cloiphylla;Pterosiphonia stangerii;Rhodymenia capensis;Rhodymenia natalensis;Rhodymenia sp.;Sargassum incisifolium;Schizoretepora tesselata;Scutellastra aphanes;Scutellastra argenvillei;Solitary ascidian;Stypocaulon funicular;Thamnophyllis discigera;Trematocarpus flabellatus;Trematocarpus fragilis;Turbo cidaris;Turbo sarmaticus;Turbo sinensis;Parechinus angulosus;Ulva fasciata;Zonaria subarticulata
Bordjies;B1;0;7.25;0.75;0;0;0;24.5;0;0;0;0;0;0;0;0;0;0;0;0;0;2;0;0;0.45;0;0;8.8;0;0;0;0;0;0;0;0;0;0;0;0;0;0;0;0;0;0;0;0;0;0;0;0;1.2;0;0;0;0;0;0;0;0;0;0;0;0;0;0;0;0;0;184.45;0;0.65
Bordjies;B1;0;24.45;0;0;0;0;0;0;0;0;0;0;0;0;0;0;0;0;0;0;13.7;0.65;0;0;0.2;0;0;0;0;0;0;0;0;0;0;0;0;0;0;11.15;0;0;3.7;0;0;0;0;0;0;0;0;0;0;0;0;0;0;0;0;0;0;10.45;0;0;0;0;1.3;0;0;869.55;0;0
Bordjies;B1;0;3.95;0;2.25;0;0;0;0;0;0;0;0;0;0;0;0;0;0;0;0;0;0;0;0;0;0;2.25;0;0;0;0;0;0;0;0;0;0;0;0;0;0;0;0;0;0;0;0;0;0;0;0;0;0;0;0;0;0;0;0;0;0;0;0;0;0;0;0;0;0;0;0;1.4
Bordjies;B1;0;4.95;0;0;0;0;0.8;0;0;0;0;0;0;0;0;0;0;0;0;0;0;0;0.45;0;0;0;6.7;0;0;0.4;0;0;0;0;0;0;0;0;0;0;0;0;0;0;0.5;0;0;0;0;0;0;0.35;0.2;0.45;0;0;0;0;0;0;0;0;0.05;0;0;0;0;0;0;0;0;0.8
Bordjies;B1;0;0;0;0;0;0;2.8;0;0;0;7.2;0;0;0;0;0;0;0;0;0;1.1;0;0;0;2.45;0;0;0;0;0;0;0;0;0;0;0;0;0;0;4.35;0;0;0;0;0;0;0;0;0;0;0;0;0;0;0;0;0;0;0;0;0.3;0;0;0;0;0;17.6;0;0;658.75;0;0
Bordjies;B1;0;49.8;0;0;0;0;68.6;0;0;0;0;0;0;0;0;0;0.2;0;0;0;1.15;0;0;0;0;0;0;0;0;0;0;0;0;0;0;0;4;0;0;0;0;0;0;0;0;0;0;0;0;0.2;0;0;0;0;0;0;0;0;0;0;0;0;0;0;0;0;0;0;0;26.35;0;7.85
Bordjies;B1;0;50.95;0;0;0;0.85;15.1;0;0;0;0;0;0;0;0;0;0;0;0.05;0;0.3;0;0;0;0;0;0;0;0;0;0;0;0;0;0;0;0;0;0;31.2;0;0;6.55;0;0;0;0;0;0;0;0;0;0;0;0;0;0;0;0;0;0;0;0;0;0;0;0;0;0;105.4;0;2.95
Bordjies;B1;3.2;9.25;0;0;0;0;3.35;0;0;0;0;0;0;0;0;0;0;0;0;0;0;0;0;0;0;0;0.8;0;0;0;0;0;1.05;0;0;0;0;0;0;0;0;0;0;0;0;0.7;0;0;0;0;0;0;0;0.1;0;0;0;4.05;0;0;0;0;0.15;0;0;0;0;0;0;0;0;0
Bordjies;B2;0;1.8;0;0;0;0;30.25;0;0;0;0;0;0;0;0;0;0;0;0;0;5.4;0;0;0.8;0;1.5;7;0;0;0;0;0;0;0;0;0;0.15;0;0;38.85;0;0;0;0;0;0;0;0;0;0;0;0;0;1.45;0;0;0;0;0;0;0;0.6;0;0;0;0;0;0;0;158.1;0;3.1
Bordjies;B2;0;17.35;0;0;0;0;0;0;0;0;0;0;0;0;0;0;0;0;0;2.55;26.75;0;0;0;0;0;21.7;0;0;0;0;0;0;0;0;0;0;0;0;34.8;0;0;0;0;0;0;0;0;0;0;0;0.45;0;0;0;0;0;2.4;0;2.4;0;8.25;0;0;0;0;5.7;0;0;131.75;0;2.7
Bordjies;B2;0;4.6;0;0;0;0;66.6;0;0;0;0;0;0;0;0;0;1;2.4;0;0;1.95;0;0;0;0.7;0;0;0;0;0;0;0;0;0;0;0;0.85;0;0;0;0;0;0;0;0;0;0;0;0;0;0;0;0;0;0;0;0;13.25;0;0;0;0;0;0;0;0;12.5;0;0;0;0;3.45
Bordjies;B2;0;6.4;0;0;0;0;1.95;0;0;0;0;0;0;0;0;0;0;0;0;0;1;0;0;0;0;0;0;0;0;0;0;0;0;0;0;0;0;0;0;14.55;0;0;0;0;0;0;0;0;0;0;0;0;0;0.55;0;0.35;0;4.6;0;0;0;0;0;0;0;0;0;0;0;210.8;0;1.95
Bordjies;B2;0;22;0;0;0;0;66.1;0;0;0;0;0;0;0;0;0;0;0;0;0;75.65;0;0;0;0;0;0;0;0;0;0;0;0;0;0;0;1.75;0;0;0;0;0;0;0;0;0;0;0;0;0;0;0;0;0;0;0;0;16.8;0;0;0;0;0;0;0;0;0.95;0;0;26.35;0;5.2
Bordjies;B2;0;8.8;0;0;0;0;70.35;0;0;0;0;0;0;0;0;0;0.75;0;0;0;21.2;0;0;0;0;0;0;0;0;0;0;0;0;0;0;0.3;0;0;0;0;0;0;0;0;0;0;0;0;0;0;0;0;0;0;0;0;0;5.55;0;0;0;0;0;0;0;0;5.15;0;0;263.5;0;1.8
Bordjies;B2;0;0;0;0;0;0;0;0;0;0;0;0;0;0;0;0;0;0;0;0;0;0;0;0;0;0;0;0;0;0;0;0;0;0;0;0;0;0;0;0;0;0;0;0;0;0;0;0;0;0;0;0;0;0;0;0;0;0;0;0;0;0;0;0;0;0;0;0;0;1343.85;0;0
Bordjies;B2;0;1.75;0;1.05;0;0;0;0;0;0;0;0;0;0;0;0;0;0;0;0;1.65;0;0;0;0;0;4.6;0;0;0;0;0;0;0;0;0;0;0;0;0;0;0;0;0;0;0;0;0;0;0;0;0;0;0.4;0;0;0;4.85;0;0;0;0;0;0;0;0;0;0;0;0;0;2.95
Oudekraal;O1;4.65;0;0;0;0;0;0;0.6;0;0;0;0;0;0;0;0;0;0;0;0;0;0;0;0;0;0;0;13.55;0;0;0;137;0;0;24.1;0;0.9;0;0;0;0;0;0;0;0;0;0;0.05;0;0;0;0;0;0;0;0;0;0;0;0;0;0;0;0;2.55;0;0;0;0;0;0;0
Oudekraal;O1;0;0;0;0;0;0;0;3.05;0;0;0;0;0;0;0;0;0;0;0;0;0;0;0;0;0;0;0;4.2;0;0;0;0;0;0;0;0;0;1.05;0;0;199.5;0;0;0;0;0;0;0;0;0;0;0;0;0;0;0;0;0;0;0;0;0;0;1.6;2.25;0;0;0;0;0;0;0
Oudekraal;O1;0;0;0;0;1.7;0;0;0.1;0;0;0;0;0;0;0;0;0;0;0;0;0;0;0;0;0;0;0;1.25;0;0;0;0;0;0;0;0;0;0;0.25;0;334.95;0;0;0;0;0;0;0;0;0;0;0;0;0;0;0;0;0;0;0;0;0;0;0;1.7;1.75;0;0;0;0;0;0
Oudekraal;O1;0;0;0;0;0;0;0;0.75;0;0;0;12;0;0;0;0;0;0;0;0;0;0;0;0;0;0;0;0;0;0;0;0;0;0;0;0;0;43.55;0;0;312.6;7.45;0;0;0;0;0;0;0;0;0;0;0;0;0;0.9;0;0;0;0;0;0;0;0;0.35;0;0;0;0;0;0;0
Oudekraal;O1;0;0;0;0;0;0;0;5.85;0;0;0;0;0;0;1.75;0;0;0;0;0;0;0;3.9;0;0;0;0;10.4;0;0;0;0;0;0;21.75;0;36.7;0;0;0;0;0;0;0;0;0;0.4;0;0;0;0;0;0;0;0;0;0.3;0;0;0;0;0;0;0;3.75;1.9;0;0;0;0;0;0
Oudekraal;O1;0;0;0;0;0;0;0;2.95;0;0;0;0;0;0;0;0;0;0;0;0;0;0;0;0;0;0;0;5.2;0;0;0;0.15;0;0;2.7;0;0.55;0;0;0;0;167.45;0;0;0;0;0;0;0;0;0;0;0;0;0;0;0;0;0;0;0;0;0;0;2.9;0.6;0;0;0;0;0;0
Oudekraal;O1;0;0;0;0;0;0;0;0.35;0;0;0;0;0;0;0;0;0;0;0;0;0;0;1.9;0;0;0;0;30.55;0;0;0;3.15;0;0;2.15;0;2.55;0;0;0;0;0;0;0;0;0;0;0;0;0;0;0;0;0;0;0;0;0;0;0;0;0;0;0;0.3;0.4;0;0;0;0;0;0
Oudekraal;O1;0;0;0;0;0;0;0;1.7;0;15.5;0;0;0;0;0;0;0;0;0;0;0;0;0;0;0;0;0;0;0;0;0;0;0;0;0;0;0.3;0;0;0;0;0;0;0;0;0;0;0;0;0;0;0;0;0;0;0.15;0;0;0;0;0;0;0;0;0;0;0;0;0;0;0;0
Oudekraal;O2;0;0;0;0;49.4;0;0;7.35;0;0;0;0;0;0;0;0;0;0;0;0;0;0;0;0;0;0;0;0.45;0;0;0;0;0;0;0;0;0.5;0;0.35;0;0.15;0;0;0;0;0;0.1;0;0;0;0;0;0;0;0;0;0;0;0;0;0;0;0;3.5;2.75;0.7;0;0;0;0;0;0
Oudekraal;O2;0;0;0;0;6.7;0;0;9.5;0;0;0;0;0;0.1;0;0;0;0;0;0;0;0;0;0;0;0;0;0;0;0;16.2;2.7;0;0;0.7;0;4.85;0;0;0;0;0;0;0;0;0;0;0;0;0;0;0;0.85;0;0;0;0;0;0;0;0;0;0;8.15;3.1;0;0;0;0;0;0;0
Oudekraal;O2;0;0;0;0;46.65;0;0;1.4;0;0;0;0;0;0;0;0;0;0;0;0;0;0;0;0;0;0;0;0;0;0;0;0;0;0;1.15;0;0;1.35;0.45;0;0;0;0;0;0;0;0;0;0;0;0;0;0.25;0;0;0;0;0;0;0;0;0;0;0.2;2.85;0;0;0;0;0;0;0
Oudekraal;O2;0;0;0;0;419.15;0;0;1.7;0;0;0;0;0;0;0;0;0;0;0;0;0;0;0;0;0;0;0;0;0.9;0;0;1.65;0;0;2;0;0;0;3.25;0;0;0;0;0;0;0;0;0;0;0;0;0;0;0;0;0;0;0;0;0;0;0;0;3.35;0.8;0;53.6;0;0;0;0;0
Oudekraal;O2;0;0;0;0;0;0;0;4.15;0;0;0;0;0;0;0;0;0;0;0;0;0;0;0;0;0;0;0;0;0;0;0;0.1;0;0;1.45;0;0;0.25;0;0;46.25;0;0;0;0;0;0;0;0;0.01;0;0;2.35;0;0;0;0;0;0;0;0;0;0;4.2;1.3;0;0;0;0;0;0;0
Oudekraal;O2;0;0;0;0;0;0;0;2.45;0;0;0;0;0;0;0;0;0;0;0;0;0;0;0;0;0;0;0;0;0;0;0;7.95;0;0;2;0;0;0;0;0;0;0;0;0;0;0;0;0;0;0;0;0;0;0;0;0;0;0;0;0;0;0;0;0.25;0;0;0;0;0;0;0;0
Oudekraal;O2;0;0;0;0;0;0;0;3.65;0;0;0;0;0;0;0;0;0;0;0;0;0;0;0;0;0;0;0;0;0;0;29.1;11.25;0;0;0;0;0;0;0;0;0;0;0;0;0;0;0;0;0;0;0;0;0;0;0;0;0;0;0;0;0;0;0;9.7;0;0;0;0;0;0;0.2;0
Oudekraal;O2;0;0;0;0;0;0;0;0;0.5;0;0;0;0;0;0;0;0;0;0;0;0;0;0;0;0;0;0;0;0;0;0;0;0;0;0;0;0;2.35;0;0;0;0;0;0;0;0;0;0;0;0;0;0;0;0;0;0;0;0;0;0;0;0;0;0;0;0;0;0;0;26.35;0;0
Betty's Bay;Y1;0;0;0;0;0;0;0;0;0;0;0;0;0.25;0;0;0;0;0.4;0;0;0;0;0;0;0;0;0;0;0;0;0;0;0;0;0;0;1.95;0;0;0;0;0;0;0;0;0;0;0;0.01;0;0;0;0;0;0.1;0;0;0;0;0;0;0;0;0;0;0;0;0;0;0;0;0
Betty's Bay;Y1;0;0;0;0;0;0;0;0;0;0;0;0;0.2;0;0;0;0;0;0;0;0;0;0;0;0;0;0;0;0;0;0;0;0;0;0;0;0.35;0;0;0;0;0.95;0;0;0;0;0;0;0;0;0;0;0;0;0;0;0;0;0;0;0;0;0;0;0;0;0;0;0;0;0;0
Betty's Bay;Y1;0;0;0;0;0;0;0;0;0;0;0;0;0;0;0;0;0;0;0;0;0;0;0;0;0;0;0;0;0;0;0;0;0;0;0;0;4.9;0;0;0;0;0;0;0;0;0;0;0;0;0;0;0;0;0;0;0;0;0;0;0;0;0;0;0;0;0;0;0;0;0;0;0
Betty's Bay;Y1;0;0;0;0;0;0;0;0;0;0;0;0;0;0;0;0;0;0;0;0;0;0;0;0;0;0;0;0;0;0;0;0;0;0;0;0;0;0;0;0;0;0;0;0;0;0;0;0;0;0;0;0;0;0;0.3;0;0;0;0;0;0;0;0;0;0;0;0;0;0;0;0;0
Betty's Bay;Y1;0;1.65;0;0;0;0.9;0;0;0;0;0;0;0;0;0;0;0;0;0;0;0;0;0;0;0;0;0;0;0;0;0;0;0;0;0;0;0;0;0;0;0;2.1;0;0;0;0;0;0;0;0;0;0;0;0;0.05;0;0;0;0;0;0;0;0;0;0;0;0;0;0;0;0;0
Betty's Bay;Y1;0;0;0;0;0;0;0;0;0;0;0;0;0.35;0;0;0;0;0;0;0;0;0;0;0;0;0;0;0;0;0;0;0;0;0;0;0;0.35;0;0;0;0;0;0;0;0;0;0;0;0;0;0;0;0;0;0;0;0;0;0;0;0;0;0;0;0;0;24.45;255.15;0;0;0;0
Betty's Bay;Y1;0;0;0;0;0;0;0;0;0;0;0;0;0;0;0;0;0;0;0;0;0;0;0;0;0;0;0;0;0;0;0;0;0;0;0;0;4.9;0;0;0;0;0;0;0;0;0;0;0;0;0;0;0;0;0;0;0;0;0;0;0;0;0;0;0;0;0;0;0;0;0;0;0
Betty's Bay;Y1;0;0;0;0;0;0.15;0;0;0;0;0;0;0;0;0;0;0;0;0;0;0;0;0;0;0;0;0;0;0;0;0;0;0;0;0;0;0.5;0;0;0;0;0;0;0;0;0;0;0;0;0;0;0;0;0;0;0;0;0;0;0;0;0;0;0;0;0;0;0;0;0;0;0
Betty's Bay;Y2;0;4.95;0;0;0;0;0;0;0;0;0;0;0;0;0;0;0;0;0;0;0;0;0;0;0;0;0;0;0;0;0;0;0;0;0;0;0;0;0;0;0;0;0;0;0;0;0;0;0;0;0;0;0.3;0;0;0;0;0;0;0;0;0;0;0;0;0;0;0;0;0;0;0
Betty's Bay;Y2;0;0;0;0;0;0;0;0;0;0;0;0;0;0;0;0;0;0;0;0;0;0;0;0;0;0;0;0;0;0;0;0;0;0;0;0;0;0;0;0;0;0;0;0;0;0;0;0;0;0;0;0;0;0;0;0;0;0;0;0;0;0;0;0;0;0;0;0;0;0;0;0
Betty's Bay;Y2;0;0.6;0;0;0;0;0;0;0;0;0;0;0;0;0;0;0;0;0;0;0;0;0;0;0;0;0;0;0;0;0;0;0;0;0;0;0;0;0;0;0;0;0;0;0;0;0;0;0;0;0.05;0;0;0;0;0;0;0;0;0;0;0;0;0;0;0;0;0;0;0;0;0
Betty's Bay;Y2;0;0;0;0;0;0;0;0;0;0;0;0;0;0;0;0;0;0;0;0;0;0;0;0;0;0;0;0;0;0;0;0;0;0;0;0;0;0;0;0;0;0;0;0;0;0;0;0;0;0;0;0;0;0;0;0;0;0;0;0;0;0;0;0;0;0;98.45;0;301.2;0;0;0
Betty's Bay;Y2;0;0;0;0;0;0;0;0;0;0;0;0;0;0;0;0;0;0;0;0;0;0;0;0;0;0;0;0;0;0;0;0;0;0;0;0;1.25;0;0;0;0;0;0;0.7;0;0;0;0;0;0;0;0;0;0;0;0;0;0;0;0;0;0;0;0;0;0;0;0;0;0;0;0
Betty's Bay;Y2;0;0;0;0;0;0;0;0;0;0;0;0;0.55;0;0;0;0;0;0;0;0;0;0;0;0;0;0;0;0;0;0;0;0;0;0;0;0.2;0;0;0;0;0;0;0;0;0;0;0;0;0;0;0;0;0;0;0;0;0;0;0;0;0;0;0;0;0;0;0;0;0;0;0
Betty's Bay;Y2;0;0;0;0;0;0;0;0;0;0;0;0;0;0;0;0;0;0;0;0;0;0;0;0;0;0;0;0;0;0;0;0;0;0.15;0;0;0.1;0;0;0;0;0;0;0;0;0;0;0;0;0;0;0;0;0;0;0;0;0;2.15;0;0;0;0;0;0;0;0;0;0;0;0;0
Betty's Bay;Y2;0;0;0;0;0;0;0;0;0;0;0;0;0;0;0;0.3;0;0;0;0;0;0;0;0;0;0;0;0;0;0;0;0;0;0;0;0.5;5.25;0;0;0;0;0;0;0;0;0;0;0;0;0;0;0;0;0;0.55;0;0;0;0;0;0;0;0;0;0;0;0;0;0;0;0;0
